heuristica,n,m,replicacao,tempo,iteracoes,valor,parametro
monotona,32,10,1,0.0001,1000,150,0.1
monotona,32,10,2,0.0001,1000,150,0.1
monotona,32,10,3,0.0001,1000,150,0.1
monotona,32,10,4,0.0001,1000,150,0.1
monotona,32,10,5,0.0001,1000,150,0.1
monotona,32,10,6,0.0001,1000,150,0.1
monotona,32,10,7,0.0001,1000,150,0.1
monotona,32,10,8,0.0001,1000,150,0.1
monotona,32,10,9,0.0001,1000,150,0.1
monotona,32,10,10,0.0001,1000,150,0.1
monotona,32,10,1,0.0001,1000,150,0.2
monotona,32,10,2,0.0001,1000,150,0.2
monotona,32,10,3,0.0001,1000,150,0.2
monotona,32,10,4,0.0001,1000,150,0.2
monotona,32,10,5,0.0001,1000,150,0.2
monotona,32,10,6,0.0001,1000,150,0.2
monotona,32,10,7,0.0001,1000,150,0.2
monotona,32,10,8,0.0001,1000,150,0.2
monotona,32,10,9,0.0001,1000,150,0.2
monotona,32,10,10,0.0001,1000,150,0.2
monotona,32,10,1,0.0001,1000,150,0.3
monotona,32,10,2,0.0001,1000,150,0.3
monotona,32,10,3,0.0001,1000,150,0.3
monotona,32,10,4,0.0001,1000,150,0.3
monotona,32,10,5,0.0001,1000,150,0.3
monotona,32,10,6,0.0001,1000,150,0.3
monotona,32,10,7,0.0001,1000,150,0.3
monotona,32,10,8,0.0001,1000,150,0.3
monotona,32,10,9,0.0001,1000,150,0.3
monotona,32,10,10,0.0001,1000,150,0.3
monotona,32,10,1,0.0001,1000,150,0.4
monotona,32,10,2,0.0001,1000,150,0.4
monotona,32,10,3,0.0001,1000,150,0.4
monotona,32,10,4,0.0001,1000,150,0.4
monotona,32,10,5,0.0001,1000,150,0.4
monotona,32,10,6,0.0001,1000,150,0.4
monotona,32,10,7,0.0001,1000,150,0.4
monotona,32,10,8,0.0001,1000,150,0.4
monotona,32,10,9,0.0001,1000,150,0.4
monotona,32,10,10,0.0001,1000,150,0.4
monotona,32,10,1,0.0001,1000,150,0.5
monotona,32,10,2,0.0001,1000,150,0.5
monotona,32,10,3,0.0001,1000,150,0.5
monotona,32,10,4,0.0001,1000,150,0.5
monotona,32,10,5,0.0001,1000,150,0.5
monotona,32,10,6,0.0001,1000,150,0.5
monotona,32,10,7,0.0001,1000,150,0.5
monotona,32,10,8,0.0001,1000,150,0.5
monotona,32,10,9,0.0001,1000,150,0.5
monotona,32,10,10,0.0001,1000,150,0.5
monotona,32,10,1,0.0001,1000,150,0.6
monotona,32,10,2,0.0001,1000,150,0.6
monotona,32,10,3,0.0001,1000,150,0.6
monotona,32,10,4,0.0001,1000,150,0.6
monotona,32,10,5,0.0001,1000,150,0.6
monotona,32,10,6,0.0001,1000,150,0.6
monotona,32,10,7,0.0001,1000,150,0.6
monotona,32,10,8,0.0001,1000,150,0.6
monotona,32,10,9,0.0001,1000,150,0.6
monotona,32,10,10,0.0001,1000,150,0.6
monotona,32,10,1,0.0002,1000,150,0.7
monotona,32,10,2,0.0001,1000,150,0.7
monotona,32,10,3,0.0001,1000,150,0.7
monotona,32,10,4,0.0001,1000,150,0.7
monotona,32,10,5,0.0001,1000,150,0.7
monotona,32,10,6,0.0001,1000,150,0.7
monotona,32,10,7,0.0001,1000,150,0.7
monotona,32,10,8,0.0001,1000,150,0.7
monotona,32,10,9,0.0001,1000,150,0.7
monotona,32,10,10,0.0001,1000,150,0.7
monotona,32,10,1,0.0001,1000,150,0.8
monotona,32,10,2,0.0001,1000,150,0.8
monotona,32,10,3,0.0001,1000,150,0.8
monotona,32,10,4,0.0001,1000,150,0.8
monotona,32,10,5,0.0001,1000,150,0.8
monotona,32,10,6,0.0001,1000,150,0.8
monotona,32,10,7,0.0001,1000,150,0.8
monotona,32,10,8,0.0001,1000,150,0.8
monotona,32,10,9,0.0001,1000,150,0.8
monotona,32,10,10,0.0001,1000,150,0.8
monotona,32,10,1,0.0001,1000,150,0.9
monotona,32,10,2,0.0001,1000,150,0.9
monotona,32,10,3,0.0001,1000,150,0.9
monotona,32,10,4,0.0001,1000,150,0.9
monotona,32,10,5,0.0001,1000,150,0.9
monotona,32,10,6,0.0001,1000,150,0.9
monotona,32,10,7,0.0001,1000,150,0.9
monotona,32,10,8,0.0001,1000,150,0.9
monotona,32,10,9,0.0001,1000,150,0.9
monotona,32,10,10,0.0001,1000,150,0.9
monotona,100,10,1,0.0001,1000,480,0.1
monotona,100,10,2,0.0001,1000,480,0.1
monotona,100,10,3,0.0001,1000,480,0.1
monotona,100,10,4,0.0001,1000,480,0.1
monotona,100,10,5,0.0001,1000,480,0.1
monotona,100,10,6,0.0001,1000,480,0.1
monotona,100,10,7,0.0001,1000,480,0.1
monotona,100,10,8,0.0001,1000,480,0.1
monotona,100,10,9,0.0001,1000,480,0.1
monotona,100,10,10,0.0001,1000,480,0.1
monotona,100,10,1,0.0001,1000,480,0.2
monotona,100,10,2,0.0001,1000,480,0.2
monotona,100,10,3,0.0001,1000,480,0.2
monotona,100,10,4,0.0001,1000,480,0.2
monotona,100,10,5,0.0001,1000,480,0.2
monotona,100,10,6,0.0001,1000,480,0.2
monotona,100,10,7,0.0001,1000,480,0.2
monotona,100,10,8,0.0001,1000,480,0.2
monotona,100,10,9,0.0001,1000,480,0.2
monotona,100,10,10,0.0001,1000,480,0.2
monotona,100,10,1,0.0001,1000,480,0.3
monotona,100,10,2,0.0001,1000,480,0.3
monotona,100,10,3,0.0001,1000,480,0.3
monotona,100,10,4,0.0001,1000,480,0.3
monotona,100,10,5,0.0001,1000,480,0.3
monotona,100,10,6,0.0001,1000,480,0.3
monotona,100,10,7,0.0001,1000,480,0.3
monotona,100,10,8,0.0001,1000,480,0.3
monotona,100,10,9,0.0001,1000,480,0.3
monotona,100,10,10,0.0001,1000,480,0.3
monotona,100,10,1,0.0001,1000,480,0.4
monotona,100,10,2,0.0001,1000,480,0.4
monotona,100,10,3,0.0001,1000,480,0.4
monotona,100,10,4,0.0001,1000,480,0.4
monotona,100,10,5,0.0001,1000,480,0.4
monotona,100,10,6,0.0001,1000,480,0.4
monotona,100,10,7,0.0001,1000,480,0.4
monotona,100,10,8,0.0001,1000,480,0.4
monotona,100,10,9,0.0001,1000,480,0.4
monotona,100,10,10,0.0001,1000,480,0.4
monotona,100,10,1,0.0001,1000,480,0.5
monotona,100,10,2,0.0001,1000,480,0.5
monotona,100,10,3,0.0001,1000,480,0.5
monotona,100,10,4,0.0001,1000,480,0.5
monotona,100,10,5,0.0001,1000,480,0.5
monotona,100,10,6,0.0001,1000,480,0.5
monotona,100,10,7,0.0001,1000,480,0.5
monotona,100,10,8,0.0001,1000,480,0.5
monotona,100,10,9,0.0001,1000,480,0.5
monotona,100,10,10,0.0001,1000,480,0.5
monotona,100,10,1,0.0001,1000,480,0.6
monotona,100,10,2,0.0001,1000,480,0.6
monotona,100,10,3,0.0001,1000,480,0.6
monotona,100,10,4,0.0001,1000,480,0.6
monotona,100,10,5,0.0001,1000,480,0.6
monotona,100,10,6,0.0001,1000,480,0.6
monotona,100,10,7,0.0001,1000,480,0.6
monotona,100,10,8,0.0001,1000,480,0.6
monotona,100,10,9,0.0001,1000,480,0.6
monotona,100,10,10,0.0001,1000,480,0.6
monotona,100,10,1,0.0001,1000,480,0.7
monotona,100,10,2,0.0001,1000,480,0.7
monotona,100,10,3,0.0001,1000,480,0.7
monotona,100,10,4,0.0001,1000,480,0.7
monotona,100,10,5,0.0001,1000,480,0.7
monotona,100,10,6,0.0001,1000,480,0.7
monotona,100,10,7,0.0001,1000,480,0.7
monotona,100,10,8,0.0001,1000,480,0.7
monotona,100,10,9,0.0001,1000,480,0.7
monotona,100,10,10,0.0001,1000,480,0.7
monotona,100,10,1,0.0001,1000,480,0.8
monotona,100,10,2,0.0001,1000,480,0.8
monotona,100,10,3,0.0001,1000,480,0.8
monotona,100,10,4,0.0001,1000,480,0.8
monotona,100,10,5,0.0001,1000,480,0.8
monotona,100,10,6,0.0001,1000,480,0.8
monotona,100,10,7,0.0001,1000,480,0.8
monotona,100,10,8,0.0001,1000,480,0.8
monotona,100,10,9,0.0001,1000,480,0.8
monotona,100,10,10,0.0001,1000,480,0.8
monotona,100,10,1,0.0001,1000,480,0.9
monotona,100,10,2,0.0001,1000,480,0.9
monotona,100,10,3,0.0001,1000,480,0.9
monotona,100,10,4,0.0001,1000,480,0.9
monotona,100,10,5,0.0001,1000,480,0.9
monotona,100,10,6,0.0001,1000,480,0.9
monotona,100,10,7,0.0001,1000,480,0.9
monotona,100,10,8,0.0001,1000,480,0.9
monotona,100,10,9,0.0001,1000,480,0.9
monotona,100,10,10,0.0001,1000,480,0.9
monotona,89,20,1,0.0001,1000,220,0.1
monotona,89,20,2,0.0001,1000,220,0.1
monotona,89,20,3,0.0001,1000,220,0.1
monotona,89,20,4,0.0001,1000,220,0.1
monotona,89,20,5,0.0001,1000,220,0.1
monotona,89,20,6,0.0001,1000,220,0.1
monotona,89,20,7,0.0001,1000,220,0.1
monotona,89,20,8,0.0001,1000,220,0.1
monotona,89,20,9,0.0001,1000,220,0.1
monotona,89,20,10,0.0001,1000,220,0.1
monotona,89,20,1,0.0001,1000,220,0.2
monotona,89,20,2,0.0001,1000,220,0.2
monotona,89,20,3,0.0001,1000,220,0.2
monotona,89,20,4,0.0001,1000,220,0.2
monotona,89,20,5,0.0001,1000,220,0.2
monotona,89,20,6,0.0001,1000,220,0.2
monotona,89,20,7,0.0001,1000,220,0.2
monotona,89,20,8,0.0001,1000,220,0.2
monotona,89,20,9,0.0001,1000,220,0.2
monotona,89,20,10,0.0001,1000,220,0.2
monotona,89,20,1,0.0001,1000,220,0.3
monotona,89,20,2,0.0001,1000,220,0.3
monotona,89,20,3,0.0001,1000,220,0.3
monotona,89,20,4,0.0001,1000,220,0.3
monotona,89,20,5,0.0001,1000,220,0.3
monotona,89,20,6,0.0001,1000,220,0.3
monotona,89,20,7,0.0001,1000,220,0.3
monotona,89,20,8,0.0001,1000,220,0.3
monotona,89,20,9,0.0001,1000,220,0.3
monotona,89,20,10,0.0001,1000,220,0.3
monotona,89,20,1,0.0001,1000,220,0.4
monotona,89,20,2,0.0001,1000,220,0.4
monotona,89,20,3,0.0001,1000,220,0.4
monotona,89,20,4,0.0001,1000,220,0.4
monotona,89,20,5,0.0001,1000,220,0.4
monotona,89,20,6,0.0001,1000,220,0.4
monotona,89,20,7,0.0001,1000,220,0.4
monotona,89,20,8,0.0001,1000,220,0.4
monotona,89,20,9,0.0001,1000,220,0.4
monotona,89,20,10,0.0001,1000,220,0.4
monotona,89,20,1,0.0001,1000,220,0.5
monotona,89,20,2,0.0001,1000,220,0.5
monotona,89,20,3,0.0001,1000,220,0.5
monotona,89,20,4,0.0001,1000,220,0.5
monotona,89,20,5,0.0001,1000,220,0.5
monotona,89,20,6,0.0001,1000,220,0.5
monotona,89,20,7,0.0001,1000,220,0.5
monotona,89,20,8,0.0001,1000,220,0.5
monotona,89,20,9,0.0001,1000,220,0.5
monotona,89,20,10,0.0001,1000,220,0.5
monotona,89,20,1,0.0001,1000,220,0.6
monotona,89,20,2,0.0001,1000,220,0.6
monotona,89,20,3,0.0001,1000,220,0.6
monotona,89,20,4,0.0001,1000,220,0.6
monotona,89,20,5,0.0001,1000,220,0.6
monotona,89,20,6,0.0001,1000,220,0.6
monotona,89,20,7,0.0001,1000,220,0.6
monotona,89,20,8,0.0001,1000,220,0.6
monotona,89,20,9,0.0001,1000,220,0.6
monotona,89,20,10,0.0001,1000,220,0.6
monotona,89,20,1,0.0001,1000,220,0.7
monotona,89,20,2,0.0001,1000,220,0.7
monotona,89,20,3,0.0001,1000,220,0.7
monotona,89,20,4,0.0001,1000,220,0.7
monotona,89,20,5,0.0001,1000,220,0.7
monotona,89,20,6,0.0001,1000,220,0.7
monotona,89,20,7,0.0001,1000,220,0.7
monotona,89,20,8,0.0001,1000,220,0.7
monotona,89,20,9,0.0001,1000,220,0.7
monotona,89,20,10,0.0001,1000,220,0.7
monotona,89,20,1,0.0001,1000,220,0.8
monotona,89,20,2,0.0001,1000,220,0.8
monotona,89,20,3,0.0001,1000,220,0.8
monotona,89,20,4,0.0001,1000,220,0.8
monotona,89,20,5,0.0001,1000,220,0.8
monotona,89,20,6,0.0001,1000,220,0.8
monotona,89,20,7,0.0001,1000,220,0.8
monotona,89,20,8,0.0001,1000,220,0.8
monotona,89,20,9,0.0001,1000,220,0.8
monotona,89,20,10,0.0001,1000,220,0.8
monotona,89,20,1,0.0001,1000,220,0.9
monotona,89,20,2,0.0001,1000,220,0.9
monotona,89,20,3,0.0001,1000,220,0.9
monotona,89,20,4,0.0001,1000,220,0.9
monotona,89,20,5,0.0001,1000,220,0.9
monotona,89,20,6,0.0001,1000,220,0.9
monotona,89,20,7,0.0001,1000,220,0.9
monotona,89,20,8,0.0001,1000,220,0.9
monotona,89,20,9,0.0001,1000,220,0.9
monotona,89,20,10,0.0001,1000,220,0.9
monotona,400,20,1,0.0001,1000,1009,0.1
monotona,400,20,2,0.0001,1000,1009,0.1
monotona,400,20,3,0.0001,1000,1009,0.1
monotona,400,20,4,0.0001,1000,1009,0.1
monotona,400,20,5,0.0001,1000,1009,0.1
monotona,400,20,6,0.0001,1000,1009,0.1
monotona,400,20,7,0.0001,1000,1009,0.1
monotona,400,20,8,0.0001,1000,1009,0.1
monotona,400,20,9,0.0001,1000,1009,0.1
monotona,400,20,10,0.0001,1000,1009,0.1
monotona,400,20,1,0.0001,1000,1009,0.2
monotona,400,20,2,0.0001,1000,1009,0.2
monotona,400,20,3,0.0001,1000,1009,0.2
monotona,400,20,4,0.0001,1000,1009,0.2
monotona,400,20,5,0.0001,1000,1009,0.2
monotona,400,20,6,0.0001,1000,1009,0.2
monotona,400,20,7,0.0001,1000,1009,0.2
monotona,400,20,8,0.0001,1000,1009,0.2
monotona,400,20,9,0.0001,1000,1009,0.2
monotona,400,20,10,0.0001,1000,1009,0.2
monotona,400,20,1,0.0001,1000,1009,0.3
monotona,400,20,2,0.0001,1000,1009,0.3
monotona,400,20,3,0.0001,1000,1009,0.3
monotona,400,20,4,0.0001,1000,1009,0.3
monotona,400,20,5,0.0001,1000,1009,0.3
monotona,400,20,6,0.0001,1000,1009,0.3
monotona,400,20,7,0.0001,1000,1009,0.3
monotona,400,20,8,0.0001,1000,1009,0.3
monotona,400,20,9,0.0001,1000,1009,0.3
monotona,400,20,10,0.0001,1000,1009,0.3
monotona,400,20,1,0.0001,1000,1009,0.4
monotona,400,20,2,0.0001,1000,1009,0.4
monotona,400,20,3,0.0001,1000,1009,0.4
monotona,400,20,4,0.0001,1000,1009,0.4
monotona,400,20,5,0.0001,1000,1009,0.4
monotona,400,20,6,0.0001,1000,1009,0.4
monotona,400,20,7,0.0001,1000,1009,0.4
monotona,400,20,8,0.0001,1000,1009,0.4
monotona,400,20,9,0.0001,1000,1009,0.4
monotona,400,20,10,0.0001,1000,1009,0.4
monotona,400,20,1,0.0001,1000,1009,0.5
monotona,400,20,2,0.0001,1000,1009,0.5
monotona,400,20,3,0.0001,1000,1009,0.5
monotona,400,20,4,0.0001,1000,1009,0.5
monotona,400,20,5,0.0001,1000,1009,0.5
monotona,400,20,6,0.0001,1000,1009,0.5
monotona,400,20,7,0.0001,1000,1009,0.5
monotona,400,20,8,0.0001,1000,1009,0.5
monotona,400,20,9,0.0001,1000,1009,0.5
monotona,400,20,10,0.0001,1000,1009,0.5
monotona,400,20,1,0.0001,1000,1009,0.6
monotona,400,20,2,0.0001,1000,1009,0.6
monotona,400,20,3,0.0001,1000,1009,0.6
monotona,400,20,4,0.0001,1000,1009,0.6
monotona,400,20,5,0.0001,1000,1009,0.6
monotona,400,20,6,0.0001,1000,1009,0.6
monotona,400,20,7,0.0001,1000,1009,0.6
monotona,400,20,8,0.0001,1000,1009,0.6
monotona,400,20,9,0.0001,1000,1009,0.6
monotona,400,20,10,0.0001,1000,1009,0.6
monotona,400,20,1,0.0001,1000,1009,0.7
monotona,400,20,2,0.0001,1000,1009,0.7
monotona,400,20,3,0.0001,1000,1009,0.7
monotona,400,20,4,0.0001,1000,1009,0.7
monotona,400,20,5,0.0001,1000,1009,0.7
monotona,400,20,6,0.0001,1000,1009,0.7
monotona,400,20,7,0.0001,1000,1009,0.7
monotona,400,20,8,0.0001,1000,1009,0.7
monotona,400,20,9,0.0001,1000,1009,0.7
monotona,400,20,10,0.0001,1000,1009,0.7
monotona,400,20,1,0.0001,1000,1009,0.8
monotona,400,20,2,0.0001,1000,1009,0.8
monotona,400,20,3,0.0001,1000,1009,0.8
monotona,400,20,4,0.0001,1000,1009,0.8
monotona,400,20,5,0.0001,1000,1009,0.8
monotona,400,20,6,0.0001,1000,1009,0.8
monotona,400,20,7,0.0001,1000,1009,0.8
monotona,400,20,8,0.0001,1000,1009,0.8
monotona,400,20,9,0.0001,1000,1009,0.8
monotona,400,20,10,0.0001,1000,1009,0.8
monotona,400,20,1,0.0001,1000,1009,0.9
monotona,400,20,2,0.0001,1000,1009,0.9
monotona,400,20,3,0.0001,1000,1009,0.9
monotona,400,20,4,0.0001,1000,1009,0.9
monotona,400,20,5,0.0001,1000,1009,0.9
monotona,400,20,6,0.0001,1000,1009,0.9
monotona,400,20,7,0.0001,1000,1009,0.9
monotona,400,20,8,0.0001,1000,1009,0.9
monotona,400,20,9,0.0001,1000,1009,0.9
monotona,400,20,10,0.0001,1000,1009,0.9
monotona,354,50,1,0.0001,1000,361,0.1
monotona,354,50,2,0.0001,1000,361,0.1
monotona,354,50,3,0.0001,1000,361,0.1
monotona,354,50,4,0.0001,1000,361,0.1
monotona,354,50,5,0.0001,1000,361,0.1
monotona,354,50,6,0.0001,1000,361,0.1
monotona,354,50,7,0.0001,1000,361,0.1
monotona,354,50,8,0.0001,1000,361,0.1
monotona,354,50,9,0.0001,1000,361,0.1
monotona,354,50,10,0.0001,1000,361,0.1
monotona,354,50,1,0.0001,1000,361,0.2
monotona,354,50,2,0.0001,1000,361,0.2
monotona,354,50,3,0.0001,1000,361,0.2
monotona,354,50,4,0.0001,1000,361,0.2
monotona,354,50,5,0.0001,1000,361,0.2
monotona,354,50,6,0.0001,1000,361,0.2
monotona,354,50,7,0.0001,1000,361,0.2
monotona,354,50,8,0.0001,1000,361,0.2
monotona,354,50,9,0.0001,1000,361,0.2
monotona,354,50,10,0.0001,1000,361,0.2
monotona,354,50,1,0.0001,1000,361,0.3
monotona,354,50,2,0.0001,1000,361,0.3
monotona,354,50,3,0.0001,1000,361,0.3
monotona,354,50,4,0.0001,1000,361,0.3
monotona,354,50,5,0.0001,1000,361,0.3
monotona,354,50,6,0.0001,1000,361,0.3
monotona,354,50,7,0.0001,1000,361,0.3
monotona,354,50,8,0.0001,1000,361,0.3
monotona,354,50,9,0.0001,1000,361,0.3
monotona,354,50,10,0.0001,1000,361,0.3
monotona,354,50,1,0.0001,1000,361,0.4
monotona,354,50,2,0.0001,1000,361,0.4
monotona,354,50,3,0.0001,1000,361,0.4
monotona,354,50,4,0.0001,1000,361,0.4
monotona,354,50,5,0.0001,1000,361,0.4
monotona,354,50,6,0.0001,1000,361,0.4
monotona,354,50,7,0.0001,1000,361,0.4
monotona,354,50,8,0.0001,1000,361,0.4
monotona,354,50,9,0.0001,1000,361,0.4
monotona,354,50,10,0.0001,1000,361,0.4
monotona,354,50,1,0.0001,1000,361,0.5
monotona,354,50,2,0.0001,1000,361,0.5
monotona,354,50,3,0.0001,1000,361,0.5
monotona,354,50,4,0.0001,1000,361,0.5
monotona,354,50,5,0.0001,1000,361,0.5
monotona,354,50,6,0.0001,1000,361,0.5
monotona,354,50,7,0.0001,1000,361,0.5
monotona,354,50,8,0.0001,1000,361,0.5
monotona,354,50,9,0.0001,1000,361,0.5
monotona,354,50,10,0.0001,1000,361,0.5
monotona,354,50,1,0.0001,1000,361,0.6
monotona,354,50,2,0.0001,1000,361,0.6
monotona,354,50,3,0.0001,1000,361,0.6
monotona,354,50,4,0.0001,1000,361,0.6
monotona,354,50,5,0.0001,1000,361,0.6
monotona,354,50,6,0.0001,1000,361,0.6
monotona,354,50,7,0.0001,1000,361,0.6
monotona,354,50,8,0.0001,1000,361,0.6
monotona,354,50,9,0.0001,1000,361,0.6
monotona,354,50,10,0.0001,1000,361,0.6
monotona,354,50,1,0.0001,1000,361,0.7
monotona,354,50,2,0.0001,1000,361,0.7
monotona,354,50,3,0.0001,1000,361,0.7
monotona,354,50,4,0.0001,1000,361,0.7
monotona,354,50,5,0.0001,1000,361,0.7
monotona,354,50,6,0.0001,1000,361,0.7
monotona,354,50,7,0.0001,1000,361,0.7
monotona,354,50,8,0.0001,1000,361,0.7
monotona,354,50,9,0.0001,1000,361,0.7
monotona,354,50,10,0.0001,1000,361,0.7
monotona,354,50,1,0.0001,1000,361,0.8
monotona,354,50,2,0.0001,1000,361,0.8
monotona,354,50,3,0.0001,1000,361,0.8
monotona,354,50,4,0.0001,1000,361,0.8
monotona,354,50,5,0.0001,1000,361,0.8
monotona,354,50,6,0.0001,1000,361,0.8
monotona,354,50,7,0.0001,1000,361,0.8
monotona,354,50,8,0.0001,1000,361,0.8
monotona,354,50,9,0.0001,1000,361,0.8
monotona,354,50,10,0.0001,1000,361,0.8
monotona,354,50,1,0.0001,1000,361,0.9
monotona,354,50,2,0.0001,1000,361,0.9
monotona,354,50,3,0.0001,1000,361,0.9
monotona,354,50,4,0.0001,1000,361,0.9
monotona,354,50,5,0.0001,1000,361,0.9
monotona,354,50,6,0.0001,1000,361,0.9
monotona,354,50,7,0.0001,1000,361,0.9
monotona,354,50,8,0.0001,1000,361,0.9
monotona,354,50,9,0.0001,1000,361,0.9
monotona,354,50,10,0.0001,1000,361,0.9
monotona,2500,50,1,0.0001,1000,2576,0.1
monotona,2500,50,2,0.0001,1000,2576,0.1
monotona,2500,50,3,0.0001,1000,2576,0.1
monotona,2500,50,4,0.0001,1000,2576,0.1
monotona,2500,50,5,0.0001,1000,2576,0.1
monotona,2500,50,6,0.0001,1000,2576,0.1
monotona,2500,50,7,0.0001,1000,2576,0.1
monotona,2500,50,8,0.0001,1000,2576,0.1
monotona,2500,50,9,0.0001,1000,2576,0.1
monotona,2500,50,10,0.0001,1000,2576,0.1
monotona,2500,50,1,0.0001,1000,2576,0.2
monotona,2500,50,2,0.0001,1000,2576,0.2
monotona,2500,50,3,0.0001,1000,2576,0.2
monotona,2500,50,4,0.0001,1000,2576,0.2
monotona,2500,50,5,0.0001,1000,2576,0.2
monotona,2500,50,6,0.0001,1000,2576,0.2
monotona,2500,50,7,0.0001,1000,2576,0.2
monotona,2500,50,8,0.0001,1000,2576,0.2
monotona,2500,50,9,0.0001,1000,2576,0.2
monotona,2500,50,10,0.0001,1000,2576,0.2
monotona,2500,50,1,0.0001,1000,2576,0.3
monotona,2500,50,2,0.0001,1000,2576,0.3
monotona,2500,50,3,0.0001,1000,2576,0.3
monotona,2500,50,4,0.0001,1000,2576,0.3
monotona,2500,50,5,0.0001,1000,2576,0.3
monotona,2500,50,6,0.0001,1000,2576,0.3
monotona,2500,50,7,0.0001,1000,2576,0.3
monotona,2500,50,8,0.0001,1000,2576,0.3
monotona,2500,50,9,0.0001,1000,2576,0.3
monotona,2500,50,10,0.0001,1000,2576,0.3
monotona,2500,50,1,0.0001,1000,2576,0.4
monotona,2500,50,2,0.0001,1000,2576,0.4
monotona,2500,50,3,0.0001,1000,2576,0.4
monotona,2500,50,4,0.0001,1000,2576,0.4
monotona,2500,50,5,0.0001,1000,2576,0.4
monotona,2500,50,6,0.0001,1000,2576,0.4
monotona,2500,50,7,0.0001,1000,2576,0.4
monotona,2500,50,8,0.0001,1000,2576,0.4
monotona,2500,50,9,0.0001,1000,2576,0.4
monotona,2500,50,10,0.0001,1000,2576,0.4
monotona,2500,50,1,0.0001,1000,2576,0.5
monotona,2500,50,2,0.0001,1000,2576,0.5
monotona,2500,50,3,0.0003,1000,2576,0.5
monotona,2500,50,4,0.0001,1000,2576,0.5
monotona,2500,50,5,0.0001,1000,2576,0.5
monotona,2500,50,6,0.0001,1000,2576,0.5
monotona,2500,50,7,0.0001,1000,2576,0.5
monotona,2500,50,8,0.0001,1000,2576,0.5
monotona,2500,50,9,0.0001,1000,2576,0.5
monotona,2500,50,10,0.0001,1000,2576,0.5
monotona,2500,50,1,0.0001,1000,2576,0.6
monotona,2500,50,2,0.0001,1000,2576,0.6
monotona,2500,50,3,0.0001,1000,2576,0.6
monotona,2500,50,4,0.0001,1000,2576,0.6
monotona,2500,50,5,0.0001,1000,2576,0.6
monotona,2500,50,6,0.0001,1000,2576,0.6
monotona,2500,50,7,0.0001,1000,2576,0.6
monotona,2500,50,8,0.0001,1000,2576,0.6
monotona,2500,50,9,0.0001,1000,2576,0.6
monotona,2500,50,10,0.0001,1000,2576,0.6
monotona,2500,50,1,0.0001,1000,2576,0.7
monotona,2500,50,2,0.0001,1000,2576,0.7
monotona,2500,50,3,0.0001,1000,2576,0.7
monotona,2500,50,4,0.0001,1000,2576,0.7
monotona,2500,50,5,0.0001,1000,2576,0.7
monotona,2500,50,6,0.0001,1000,2576,0.7
monotona,2500,50,7,0.0001,1000,2576,0.7
monotona,2500,50,8,0.0001,1000,2576,0.7
monotona,2500,50,9,0.0001,1000,2576,0.7
monotona,2500,50,10,0.0001,1000,2576,0.7
monotona,2500,50,1,0.0001,1000,2576,0.8
monotona,2500,50,2,0.0001,1000,2576,0.8
monotona,2500,50,3,0.0001,1000,2576,0.8
monotona,2500,50,4,0.0001,1000,2576,0.8
monotona,2500,50,5,0.0001,1000,2576,0.8
monotona,2500,50,6,0.0001,1000,2576,0.8
monotona,2500,50,7,0.0001,1000,2576,0.8
monotona,2500,50,8,0.0001,1000,2576,0.8
monotona,2500,50,9,0.0001,1000,2576,0.8
monotona,2500,50,10,0.0001,1000,2576,0.8
monotona,2500,50,1,0.0001,1000,2576,0.9
monotona,2500,50,2,0.0001,1000,2576,0.9
monotona,2500,50,3,0.0001,1000,2576,0.9
monotona,2500,50,4,0.0001,1000,2576,0.9
monotona,2500,50,5,0.0001,1000,2576,0.9
monotona,2500,50,6,0.0001,1000,2576,0.9
monotona,2500,50,7,0.0001,1000,2576,0.9
monotona,2500,50,8,0.0001,1000,2576,0.9
monotona,2500,50,9,0.0001,1000,2576,0.9
monotona,2500,50,10,0.0001,1000,2576,0.9
